{"cameraMode":{"drawMode":0,"name":"Shaded","section":"Shading Mode"},"sceneLighting":false,"audioPlay":false,"sceneViewState":{"m_AlwaysRefresh":false,"showFog":true,"showSkybox":true,"showFlares":true,"showImageEffects":true,"showParticleSystems":true,"showVisualEffectGraphs":true,"m_FxEnabled":true},"in2DMode":false,"pivot":{"x":323.1708068847656,"y":236.13595581054688,"z":-718.6746215820313},"rotation":{"x":0.10925443470478058,"y":-0.022363856434822084,"z":0.002458287635818124,"w":0.9937645196914673},"size":505.91949462890627,"orthographic":false}